Idea Number,Category,Identified By,Identified On,Pod/Team,IBM Delivery Manager,Suncor Manager,Suncor GM,Application Name,Consultant Name,Title,Problem Statement,Proposed Solution,Actual Solution Implemented,Supporting Pods/Teams,ServiceNow Ticket,Expected Quantitative Benefits (Hours),Expected Quantitative Benefits (Value),Expected Qualitative Benefits,Benefit Type,Estimated Efforts (Hours),Estimated Efforts (Value),Actual Efforts Spent (Hours),Actual Efforts Spent (Value),Implementation Date,Status,Sub Status,Rejection Reason,Suncor Goals,Remarks
IDEA-2026-0001,Automation,IBM,15-01-2026,Cloud Infrastructure Team,John Smith,Sarah Johnson,Michael Brown,SAP ERP System,David Lee,Automate Daily Report Generation,Manual report generation takes 2 hours daily and is error-prone,Implement automated Python script with scheduled execution,Created scheduled task with Python automation using pandas and email integration,DevOps Team|QA Team,INC0012345,40,5000,Reduced errors and faster delivery with consistent formatting,Recurring,20,2500,18,2250,01-02-2026,Implemented,SD,,Cost reduction and efficiency improvement,Successfully deployed to production environment
IDEA-2026-0002,Gen AI,Suncor,20-01-2026,AI Innovation Team,Emily Davis,Robert Wilson,Jennifer Taylor,Customer Portal,Maria Garcia,AI-Powered Chatbot for Customer Support,Customers wait 30+ minutes for support during peak hours,Deploy GPT-based chatbot for handling common customer queries,Integrated ChatGPT API with custom training on company knowledge base,Customer Service Team|IT Support,REQ0045678,160,20000,24/7 availability and instant responses with improved customer satisfaction,Recurring,80,10000,75,9375,15-03-2026,Implemented,Business,,Customer satisfaction and cost savings,85% query resolution rate achieved with positive feedback
IDEA-2026-0003,Process Improvement,IBM,01-02-2026,Operations Team,Thomas Anderson,Lisa Martinez,James Clark,Inventory Management System,Kevin White,Streamline Approval Workflow,5-step approval process causes delays of 3-5 days,Reduce to 3-step approval with automated routing and notifications,Implemented workflow engine with auto-routing based on business rules,Finance Team|Procurement,CHG0098765,100,12500,Faster approvals and better tracking with audit trail,Recurring,40,5000,35,4375,01-03-2026,Implemented,PO,,Process efficiency and time savings,Approval time reduced by 60% from 5 days to 2 days
IDEA-2026-0004,Reliability,IBM,10-02-2026,Infrastructure Team,Daniel Kim,Patricia Moore,Richard Hall,Production Database Cluster,Jessica Chen,Implement Database Monitoring Solution,Frequent undetected database issues causing production outages,Deploy real-time monitoring with proactive alerts and dashboards,Configured Prometheus and Grafana monitoring with custom alerting rules,DBA Team|DevOps|NOC,INC0123456,80,10000,Proactive issue detection and reduced downtime with better visibility,One Time,60,7500,55,6875,20-03-2026,Implemented,CCB,,System reliability and uptime improvement,99.9% uptime achieved with 50% reduction in incidents
IDEA-2026-0005,Innovation,Suncor,15-02-2026,Digital Transformation Team,Christopher Lee,Amanda Scott,William Turner,Mobile Banking App,Rachel Adams,Implement Biometric Authentication,Password-based login has security risks and poor user experience,Add fingerprint and face recognition login capabilities,Integrated biometric SDK for iOS and Android with fallback options,Security Team|Mobile Development,REQ0067890,50,6250,Enhanced security and better user experience with faster login,One Time,100,12500,95,11875,01-04-2026,Implemented,IBM Internal,,Security enhancement and user experience,95% user adoption rate within first month
IDEA-2026-0006,Business Process Improvement,IBM,20-02-2026,Finance Operations,Andrew Martinez,Michelle Thompson,Steven Harris,Expense Management System,Brandon Taylor,Automate Expense Report Processing,Manual expense processing takes 2 weeks and has high error rate,Implement OCR and automated validation for expense reports,Deployed AI-powered OCR with automated approval routing and validation,Accounting Team|IT Support,CHG0234567,200,25000,Faster processing and reduced errors with better compliance,Recurring,120,15000,110,13750,15-04-2026,Implemented,Business,,Cost control and process efficiency,Processing time reduced from 2 weeks to 2 days
IDEA-2026-0007,IT Process Improvement,Suncor,01-03-2026,DevOps Team,Nathan Cooper,Rebecca Lewis,Charles Walker,CI/CD Pipeline,Olivia Martinez,Implement Automated Testing Framework,Manual testing delays releases by 3-4 days per sprint,Create automated test suite with CI/CD integration,Built comprehensive test automation framework using Selenium and Jest,QA Team|Development Team,REQ0089012,150,18750,Faster releases and improved code quality with early bug detection,Recurring,80,10000,72,9000,20-04-2026,Implemented,SD,,Quality improvement and faster delivery,Test coverage increased to 85% with 70% faster releases
IDEA-2026-0008,Automation,IBM,05-03-2026,Data Analytics Team,Gregory Allen,Samantha King,Joseph Wright,Data Warehouse,Sophia Rodriguez,Automate Data Quality Checks,Manual data validation takes 4 hours daily and misses issues,Implement automated data quality monitoring and alerting,Created Python-based data quality framework with real-time monitoring,Data Engineering|BI Team,INC0345678,80,10000,Improved data accuracy and faster issue detection,Recurring,60,7500,55,6875,01-05-2026,Implemented,PO,,Data quality and operational efficiency,Data quality score improved from 85% to 98%
IDEA-2026-0009,Gen AI,IBM,10-03-2026,Knowledge Management,Victoria Nelson,Brian Carter,Margaret Mitchell,Document Repository,Alexander White,AI-Powered Document Search and Summarization,Finding relevant documents takes 30+ minutes per search,Implement semantic search with AI-powered summarization,Deployed vector database with GPT-based summarization engine,IT Team|Legal Team,REQ0123789,120,15000,Faster information retrieval and better knowledge sharing,Recurring,100,12500,90,11250,15-05-2026,Implemented,IBM Internal,,Knowledge management and productivity,Search time reduced by 80% with 90% user satisfaction
IDEA-2026-0010,Reliability,Suncor,15-03-2026,Network Operations,Benjamin Scott,Jennifer Adams,Robert Turner,Network Infrastructure,Isabella Garcia,Implement Network Redundancy Solution,Single point of failure causes 4-hour outages quarterly,Deploy redundant network paths with automatic failover,Configured active-passive failover with load balancing,Network Team|Infrastructure,CHG0456789,160,20000,Zero downtime and improved business continuity,One Time,200,25000,180,22500,01-06-2026,Implemented,CCB,,Business continuity and reliability,Zero unplanned outages since implementation
